{
    "rouge-1": [
        0.16825128305007866,
        0.18540085099499706,
        0.19607597604608956,
        0.20440739111078984,
        0.2083761470284173,
        0.21783464492305474,
        0.22296975163437396,
        0.226181444820125,
        0.23101016107712646,
        0.2315095458616992,
        0.2333767081098437,
        0.23339984070085318
    ],
    "rouge-2": [
        0.0625934611673535,
        0.0698771826979762,
        0.07559095111234691,
        0.08016055465947022,
        0.08191013440681778,
        0.08705411129807143,
        0.08855577153163072,
        0.08979895996253624,
        0.09162727267180235,
        0.09199732110840907,
        0.09292009464421072,
        0.09278851534105267
    ],
    "rouge-l": [
        0.15836239150901665,
        0.17267394297226596,
        0.18150701809385134,
        0.18887803630398314,
        0.1917705391566321,
        0.19926198382332577,
        0.20394624432780056,
        0.2063113243376146,
        0.2095990566526764,
        0.20993650611445125,
        0.21150629574033125,
        0.211358427718443
    ]
}