{
    "rouge-1": {
        "r": 0.21915805100523245,
        "p": 0.2720522210756936,
        "f": 0.23243680972715128
    },
    "rouge-2": {
        "r": 0.0886967062625658,
        "p": 0.10748036608428753,
        "f": 0.09292871784062716
    },
    "rouge-l": {
        "r": 0.19871132655710164,
        "p": 0.24738841893537244,
        "f": 0.2108628654446653
    }
}