{
    "rouge-1": {
        "r": 0.21713907458472562,
        "p": 0.2779413686443315,
        "f": 0.23341386469186715
    },
    "rouge-2": {
        "r": 0.08785216718274085,
        "p": 0.10885424749204363,
        "f": 0.09296282813210098
    },
    "rouge-l": {
        "r": 0.19667402575138082,
        "p": 0.2523932047636964,
        "f": 0.2114640907934541
    }
}