{
    "rouge-1": {
        "r": 0.19935899221730402,
        "p": 0.27601886241984785,
        "f": 0.22105171510582355
    },
    "rouge-2": {
        "r": 0.07541032527575012,
        "p": 0.09733106745583633,
        "f": 0.08114478365968142
    },
    "rouge-l": {
        "r": 0.18068720470309763,
        "p": 0.25116652504661346,
        "f": 0.2004810324679967
    }
}