{
    "rouge-1": {
        "r": 0.19624424998595716,
        "p": 0.2617662775741362,
        "f": 0.21486109500144024
    },
    "rouge-2": {
        "r": 0.07197648699355677,
        "p": 0.0904026372883413,
        "f": 0.07660980524488889
    },
    "rouge-l": {
        "r": 0.17786815676316522,
        "p": 0.2377586410818361,
        "f": 0.19474629673865
    }
}