{
    "rouge-1": {
        "r": 0.19842386218742464,
        "p": 0.27446991778900875,
        "f": 0.21998150703972932
    },
    "rouge-2": {
        "r": 0.07479807783124347,
        "p": 0.09673083387732252,
        "f": 0.08063977160353164
    },
    "rouge-l": {
        "r": 0.17979820327873566,
        "p": 0.24974143919853356,
        "f": 0.19950918801578843
    }
}