{
    "rouge-1": {
        "r": 0.18524636328631314,
        "p": 0.2294264744857051,
        "f": 0.19708887669081315
    },
    "rouge-2": {
        "r": 0.062064746003352635,
        "p": 0.07252155225422899,
        "f": 0.06414572932602434
    },
    "rouge-l": {
        "r": 0.1664322063556701,
        "p": 0.2057697864667887,
        "f": 0.17678822829723256
    }
}