{
    "rouge-1": {
        "r": 0.1619190219134409,
        "p": 0.19012169432030157,
        "f": 0.16833526829897558
    },
    "rouge-2": {
        "r": 0.05134322276677248,
        "p": 0.0581201242513438,
        "f": 0.052304070391362346
    },
    "rouge-l": {
        "r": 0.14503113526077657,
        "p": 0.17051396511578823,
        "f": 0.1507775997665546
    }
}