{
    "rouge-1": {
        "r": 0.19288687226688575,
        "p": 0.25247541546874014,
        "f": 0.2101208351665888
    },
    "rouge-2": {
        "r": 0.06945940244206383,
        "p": 0.08655504962530436,
        "f": 0.07395173515022231
    },
    "rouge-l": {
        "r": 0.17344658089764395,
        "p": 0.22745888417324275,
        "f": 0.1889748600067566
    }
}