{
    "rouge-1": {
        "r": 0.18061386857166833,
        "p": 0.22049822120777848,
        "f": 0.19134952323578014
    },
    "rouge-2": {
        "r": 0.06213648601766792,
        "p": 0.0727174782370065,
        "f": 0.06430362504840832
    },
    "rouge-l": {
        "r": 0.16243535628283942,
        "p": 0.19836670992651612,
        "f": 0.17196987006474146
    }
}